﻿<?xml version="1.0" encoding="utf-8"?>
<abapGit version="v1.0.0" serializer="LCL_OBJECT_PROG" serializer_version="v1.0.0">
 <asx:abap xmlns:asx="http://www.sap.com/abapxml" version="1.0">
  <asx:values>
   <PROGDIR>
    <NAME>Z_A_OBJECT_CHECK_VERSION</NAME>
    <STATE>A</STATE>
    <VARCL>X</VARCL>
    <SUBC>1</SUBC>
    <APPL>*</APPL>
    <RSTAT>K</RSTAT>
    <RLOAD>F</RLOAD>
    <FIXPT>X</FIXPT>
    <UCCHECK>X</UCCHECK>
   </PROGDIR>
   <DYNPROS/>
   <TPOOL>
    <item>
     <ID>I</ID>
     <KEY>E00</KEY>
     <ENTRY>@0A@</ENTRY>
     <LENGTH>14</LENGTH>
    </item>
    <item>
     <ID>I</ID>
     <KEY>E02</KEY>
     <ENTRY>Objet(s) non présent dans OT</ENTRY>
     <LENGTH>56</LENGTH>
    </item>
    <item>
     <ID>I</ID>
     <KEY>I00</KEY>
     <ENTRY>@09@</ENTRY>
     <LENGTH>14</LENGTH>
    </item>
    <item>
     <ID>I</ID>
     <KEY>S00</KEY>
     <ENTRY>@08@</ENTRY>
     <LENGTH>14</LENGTH>
    </item>
    <item>
     <ID>I</ID>
     <KEY>TB1</KEY>
     <ENTRY>Objet(s) à vérifier</ENTRY>
     <LENGTH>26</LENGTH>
    </item>
    <item>
     <ID>I</ID>
     <KEY>TPR</KEY>
     <ENTRY>Production</ENTRY>
     <LENGTH>20</LENGTH>
    </item>
    <item>
     <ID>I</ID>
     <KEY>TRE</KEY>
     <ENTRY>Recette</ENTRY>
     <LENGTH>17</LENGTH>
    </item>
    <item>
     <ID>R</ID>
     <ENTRY>Contrôle Version de(s) (l&apos;)Objet(s)</ENTRY>
     <LENGTH>35</LENGTH>
    </item>
    <item>
     <ID>S</ID>
     <KEY>S_OBJECT</KEY>
     <ENTRY>.</ENTRY>
     <LENGTH>9</LENGTH>
     <SPLIT>D</SPLIT>
    </item>
   </TPOOL>
  </asx:values>
 </asx:abap>
</abapGit>
