﻿<?xml version="1.0" encoding="utf-8"?>
<abapGit version="v1.0.0" serializer="LCL_OBJECT_PROG" serializer_version="v1.0.0">
 <asx:abap xmlns:asx="http://www.sap.com/abapxml" version="1.0">
  <asx:values>
   <PROGDIR>
    <NAME>Z_A_BC_TRANSPORT_DEPENDENCIES</NAME>
    <STATE>A</STATE>
    <VARCL>X</VARCL>
    <SUBC>1</SUBC>
    <APPL>*</APPL>
    <RSTAT>K</RSTAT>
    <RLOAD>F</RLOAD>
    <FIXPT>X</FIXPT>
    <UCCHECK>X</UCCHECK>
   </PROGDIR>
   <DYNPROS/>
   <TPOOL>
    <item>
     <ID>I</ID>
     <KEY>001</KEY>
     <ENTRY>Oui</ENTRY>
     <LENGTH>13</LENGTH>
    </item>
    <item>
     <ID>I</ID>
     <KEY>002</KEY>
     <ENTRY>Non</ENTRY>
     <LENGTH>13</LENGTH>
    </item>
    <item>
     <ID>I</ID>
     <KEY>Q01</KEY>
     <ENTRY>Aucune dépendance saisie. Voulez-vous poursuivre le traitement ?</ENTRY>
     <LENGTH>132</LENGTH>
    </item>
    <item>
     <ID>I</ID>
     <KEY>TB1</KEY>
     <ENTRY>Ordre de Transport</ENTRY>
     <LENGTH>28</LENGTH>
    </item>
    <item>
     <ID>I</ID>
     <KEY>TB2</KEY>
     <ENTRY>Liste OTs dépendances</ENTRY>
     <LENGTH>42</LENGTH>
    </item>
    <item>
     <ID>R</ID>
     <ENTRY>Transport - Dépendances</ENTRY>
     <LENGTH>23</LENGTH>
    </item>
    <item>
     <ID>S</ID>
     <KEY>P_TKRORR</KEY>
     <ENTRY>OT</ENTRY>
     <LENGTH>10</LENGTH>
    </item>
    <item>
     <ID>S</ID>
     <KEY>S_TRKORR</KEY>
     <ENTRY>Dépendances</ENTRY>
     <LENGTH>22</LENGTH>
    </item>
   </TPOOL>
  </asx:values>
 </asx:abap>
</abapGit>
