﻿<?xml version="1.0" encoding="utf-8"?>
<abapGit version="v1.0.0" serializer="LCL_OBJECT_PROG" serializer_version="v1.0.0">
 <asx:abap xmlns:asx="http://www.sap.com/abapxml" version="1.0">
  <asx:values>
   <PROGDIR>
    <NAME>Z_A_BC_TRANSPORT_CHECK</NAME>
    <STATE>A</STATE>
    <VARCL>X</VARCL>
    <SUBC>1</SUBC>
    <APPL>*</APPL>
    <RSTAT>K</RSTAT>
    <RLOAD>F</RLOAD>
    <FIXPT>X</FIXPT>
    <UCCHECK>X</UCCHECK>
   </PROGDIR>
   <DYNPROS/>
   <TPOOL>
    <item>
     <ID>I</ID>
     <KEY>E00</KEY>
     <ENTRY>@0A@</ENTRY>
     <LENGTH>14</LENGTH>
    </item>
    <item>
     <ID>I</ID>
     <KEY>I00</KEY>
     <ENTRY>@09@</ENTRY>
     <LENGTH>14</LENGTH>
    </item>
    <item>
     <ID>I</ID>
     <KEY>MES</KEY>
     <ENTRY>Message</ENTRY>
     <LENGTH>17</LENGTH>
    </item>
    <item>
     <ID>I</ID>
     <KEY>MIS</KEY>
     <ENTRY>OT manquant</ENTRY>
     <LENGTH>21</LENGTH>
    </item>
    <item>
     <ID>I</ID>
     <KEY>S00</KEY>
     <ENTRY>@08@</ENTRY>
     <LENGTH>14</LENGTH>
    </item>
    <item>
     <ID>I</ID>
     <KEY>SOI</KEY>
     <ENTRY>Séquence saisie</ENTRY>
     <LENGTH>24</LENGTH>
    </item>
    <item>
     <ID>I</ID>
     <KEY>SOP</KEY>
     <ENTRY>Séquence proposée</ENTRY>
     <LENGTH>27</LENGTH>
    </item>
    <item>
     <ID>I</ID>
     <KEY>TB1</KEY>
     <ENTRY>Critères de sélection</ENTRY>
     <LENGTH>42</LENGTH>
    </item>
    <item>
     <ID>I</ID>
     <KEY>TB2</KEY>
     <ENTRY>Options supplémentaires</ENTRY>
     <LENGTH>46</LENGTH>
    </item>
    <item>
     <ID>I</ID>
     <KEY>TB3</KEY>
     <ENTRY>Options de contrôle</ENTRY>
     <LENGTH>48</LENGTH>
    </item>
    <item>
     <ID>R</ID>
     <ENTRY>Transport - Contrôle Ordre de Transport</ENTRY>
     <LENGTH>39</LENGTH>
    </item>
    <item>
     <ID>S</ID>
     <KEY>P_IOLDV</KEY>
     <ENTRY>Ignorer Versions &quot;abstentes&quot;</ENTRY>
     <LENGTH>36</LENGTH>
    </item>
    <item>
     <ID>S</ID>
     <KEY>P_IRECEN</KEY>
     <ENTRY>Ignorer Versions plus récente</ENTRY>
     <LENGTH>37</LENGTH>
    </item>
    <item>
     <ID>S</ID>
     <KEY>P_PROP</KEY>
     <ENTRY>Proposer Ordre de séquence</ENTRY>
     <LENGTH>34</LENGTH>
    </item>
    <item>
     <ID>S</ID>
     <KEY>P_REIMP</KEY>
     <ENTRY>Réimport</ENTRY>
     <LENGTH>16</LENGTH>
    </item>
    <item>
     <ID>S</ID>
     <KEY>P_REQ</KEY>
     <ENTRY>.</ENTRY>
     <LENGTH>18</LENGTH>
     <SPLIT>D</SPLIT>
    </item>
    <item>
     <ID>S</ID>
     <KEY>P_SYSID</KEY>
     <ENTRY>Système cible</ENTRY>
     <LENGTH>21</LENGTH>
    </item>
    <item>
     <ID>S</ID>
     <KEY>S_EXC_OT</KEY>
     <ENTRY>Liste OT à exclure</ENTRY>
     <LENGTH>26</LENGTH>
    </item>
    <item>
     <ID>S</ID>
     <KEY>S_TRKORR</KEY>
     <ENTRY>.</ENTRY>
     <LENGTH>19</LENGTH>
     <SPLIT>D</SPLIT>
    </item>
   </TPOOL>
  </asx:values>
 </asx:abap>
</abapGit>
