﻿<?xml version="1.0" encoding="utf-8"?>
<abapGit version="v1.0.0" serializer="LCL_OBJECT_CLAS" serializer_version="v1.0.0">
 <asx:abap xmlns:asx="http://www.sap.com/abapxml" version="1.0">
  <asx:values>
   <VSEOCLASS>
    <CLSNAME>ZCB_TRANSPORT_REQUEST_WORKFLOW</CLSNAME>
    <VERSION>1</VERSION>
    <LANGU>F</LANGU>
    <DESCRIPT>Agent base Transport - Workflow</DESCRIPT>
    <CATEGORY>11</CATEGORY>
    <EXPOSURE>2</EXPOSURE>
    <STATE>1</STATE>
    <CLSABSTRCT>X</CLSABSTRCT>
    <CLSCCINCL>X</CLSCCINCL>
    <FIXPT>X</FIXPT>
    <UNICODE>X</UNICODE>
   </VSEOCLASS>
   <TPOOL/>
   <DESCRIPTIONS>
    <SEOCOMPOTX>
     <CLSNAME>ZCB_TRANSPORT_REQUEST_WORKFLOW</CLSNAME>
     <CMPNAME>CREATE_PERSISTENT</CMPNAME>
     <LANGU>F</LANGU>
     <DESCRIPT>Génère nouvel objet persistant avec clé</DESCRIPT>
    </SEOCOMPOTX>
    <SEOCOMPOTX>
     <CLSNAME>ZCB_TRANSPORT_REQUEST_WORKFLOW</CLSNAME>
     <CMPNAME>CREATE_TRANSIENT</CMPNAME>
     <LANGU>F</LANGU>
     <DESCRIPT>Génère objet</DESCRIPT>
    </SEOCOMPOTX>
    <SEOCOMPOTX>
     <CLSNAME>ZCB_TRANSPORT_REQUEST_WORKFLOW</CLSNAME>
     <CMPNAME>CURRENT_SPECIAL_OBJECT_INFO</CMPNAME>
     <LANGU>F</LANGU>
     <DESCRIPT>Données d&apos;objet spécifiques aux classes</DESCRIPT>
    </SEOCOMPOTX>
    <SEOCOMPOTX>
     <CLSNAME>ZCB_TRANSPORT_REQUEST_WORKFLOW</CLSNAME>
     <CMPNAME>DELETE_PERSISTENT</CMPNAME>
     <LANGU>F</LANGU>
     <DESCRIPT>Supprime objet persistant avec clé</DESCRIPT>
    </SEOCOMPOTX>
    <SEOCOMPOTX>
     <CLSNAME>ZCB_TRANSPORT_REQUEST_WORKFLOW</CLSNAME>
     <CMPNAME>GET_PERSISTENT</CMPNAME>
     <LANGU>F</LANGU>
     <DESCRIPT>Accède à objet persistant avec clé</DESCRIPT>
    </SEOCOMPOTX>
    <SEOCOMPOTX>
     <CLSNAME>ZCB_TRANSPORT_REQUEST_WORKFLOW</CLSNAME>
     <CMPNAME>GET_TRANSIENT</CMPNAME>
     <LANGU>F</LANGU>
     <DESCRIPT>Détermine objet provisoire avec clé</DESCRIPT>
    </SEOCOMPOTX>
    <SEOCOMPOTX>
     <CLSNAME>ZCB_TRANSPORT_REQUEST_WORKFLOW</CLSNAME>
     <CMPNAME>MAP_EXTRACT_IDENTIFIER</CMPNAME>
     <LANGU>F</LANGU>
     <DESCRIPT>Extrait clé de gestion de données BD</DESCRIPT>
    </SEOCOMPOTX>
    <SEOCOMPOTX>
     <CLSNAME>ZCB_TRANSPORT_REQUEST_WORKFLOW</CLSNAME>
     <CMPNAME>MAP_GET_ATTRIBUTES</CMPNAME>
     <LANGU>F</LANGU>
     <DESCRIPT>Lit attributs persistants d&apos;un objet</DESCRIPT>
    </SEOCOMPOTX>
    <SEOCOMPOTX>
     <CLSNAME>ZCB_TRANSPORT_REQUEST_WORKFLOW</CLSNAME>
     <CMPNAME>MAP_LOAD_FROM_DATABASE_KEY</CMPNAME>
     <LANGU>F</LANGU>
     <DESCRIPT>Lit données d&apos;objets identifiées de BD via clé de gestion</DESCRIPT>
    </SEOCOMPOTX>
    <SEOCOMPOTX>
     <CLSNAME>ZCB_TRANSPORT_REQUEST_WORKFLOW</CLSNAME>
     <CMPNAME>MAP_MERGE_IDENTIFIER</CMPNAME>
     <LANGU>F</LANGU>
     <DESCRIPT>Ajoute clé de gestion aux données BD</DESCRIPT>
    </SEOCOMPOTX>
    <SEOCOMPOTX>
     <CLSNAME>ZCB_TRANSPORT_REQUEST_WORKFLOW</CLSNAME>
     <CMPNAME>MAP_SAVE_TO_DATABASE</CMPNAME>
     <LANGU>F</LANGU>
     <DESCRIPT>Sauvegarde données d&apos;objet dans BD</DESCRIPT>
    </SEOCOMPOTX>
    <SEOCOMPOTX>
     <CLSNAME>ZCB_TRANSPORT_REQUEST_WORKFLOW</CLSNAME>
     <CMPNAME>MAP_SERIALIZE_BKEY</CMPNAME>
     <LANGU>F</LANGU>
     <DESCRIPT>Sérialise la clé de gestion</DESCRIPT>
    </SEOCOMPOTX>
    <SEOCOMPOTX>
     <CLSNAME>ZCB_TRANSPORT_REQUEST_WORKFLOW</CLSNAME>
     <CMPNAME>MAP_SET_ATTRIBUTES</CMPNAME>
     <LANGU>F</LANGU>
     <DESCRIPT>Définit attributs persistants d&apos;un objet</DESCRIPT>
    </SEOCOMPOTX>
    <SEOCOMPOTX>
     <CLSNAME>ZCB_TRANSPORT_REQUEST_WORKFLOW</CLSNAME>
     <CMPNAME>PM_CHECK_AND_SET_ATTRIBUTES</CMPNAME>
     <LANGU>F</LANGU>
     <DESCRIPT>Contrôle et définit des attributs persistants</DESCRIPT>
    </SEOCOMPOTX>
    <SEOCOMPOTX>
     <CLSNAME>ZCB_TRANSPORT_REQUEST_WORKFLOW</CLSNAME>
     <CMPNAME>PM_CREATE_REPRESENTANT</CMPNAME>
     <LANGU>F</LANGU>
     <DESCRIPT>Génère nouvel objet enveloppe et entrée de gestion</DESCRIPT>
    </SEOCOMPOTX>
    <SEOCOMPOTX>
     <CLSNAME>ZCB_TRANSPORT_REQUEST_WORKFLOW</CLSNAME>
     <CMPNAME>PM_DELETE_PERSISTENT</CMPNAME>
     <LANGU>F</LANGU>
     <DESCRIPT>Supprime objet persistant de BD</DESCRIPT>
    </SEOCOMPOTX>
    <SEOCOMPOTX>
     <CLSNAME>ZCB_TRANSPORT_REQUEST_WORKFLOW</CLSNAME>
     <CMPNAME>PM_LOAD_AND_SET_ATTRIBUTES</CMPNAME>
     <LANGU>F</LANGU>
     <DESCRIPT>Charge et définit des attributs persistants</DESCRIPT>
    </SEOCOMPOTX>
    <SEOCOMPOTX>
     <CLSNAME>ZCB_TRANSPORT_REQUEST_WORKFLOW</CLSNAME>
     <CMPNAME>SPECIAL_BKEY_TAB</CMPNAME>
     <LANGU>F</LANGU>
     <DESCRIPT>Spécifique à classes : table de recherche clés de gestion</DESCRIPT>
    </SEOCOMPOTX>
    <SEOCOMPOTX>
     <CLSNAME>ZCB_TRANSPORT_REQUEST_WORKFLOW</CLSNAME>
     <CMPNAME>SPECIAL_OBJECT_INFO</CMPNAME>
     <LANGU>F</LANGU>
     <DESCRIPT>Données d&apos;objet spécifiques aux classes</DESCRIPT>
    </SEOCOMPOTX>
    <SEOCOMPOTX>
     <CLSNAME>ZCB_TRANSPORT_REQUEST_WORKFLOW</CLSNAME>
     <CMPNAME>TYP_BUSINESS_KEY</CMPNAME>
     <LANGU>F</LANGU>
     <DESCRIPT>Clé de gestion</DESCRIPT>
    </SEOCOMPOTX>
    <SEOCOMPOTX>
     <CLSNAME>ZCB_TRANSPORT_REQUEST_WORKFLOW</CLSNAME>
     <CMPNAME>TYP_BUSINESS_KEY_TAB</CMPNAME>
     <LANGU>F</LANGU>
     <DESCRIPT>Type de table référence objet</DESCRIPT>
    </SEOCOMPOTX>
    <SEOCOMPOTX>
     <CLSNAME>ZCB_TRANSPORT_REQUEST_WORKFLOW</CLSNAME>
     <CMPNAME>TYP_DB_DATA</CMPNAME>
     <LANGU>F</LANGU>
     <DESCRIPT>Type de ligne données d&apos;objet permanentes</DESCRIPT>
    </SEOCOMPOTX>
    <SEOCOMPOTX>
     <CLSNAME>ZCB_TRANSPORT_REQUEST_WORKFLOW</CLSNAME>
     <CMPNAME>TYP_DB_DATA_TAB</CMPNAME>
     <LANGU>F</LANGU>
     <DESCRIPT>Type de table données d&apos;objet permanentes</DESCRIPT>
    </SEOCOMPOTX>
    <SEOCOMPOTX>
     <CLSNAME>ZCB_TRANSPORT_REQUEST_WORKFLOW</CLSNAME>
     <CMPNAME>TYP_DB_DELETE_TAB</CMPNAME>
     <LANGU>F</LANGU>
     <DESCRIPT>Type de table références pour suppression</DESCRIPT>
    </SEOCOMPOTX>
    <SEOCOMPOTX>
     <CLSNAME>ZCB_TRANSPORT_REQUEST_WORKFLOW</CLSNAME>
     <CMPNAME>TYP_OBJECT_REF</CMPNAME>
     <LANGU>F</LANGU>
     <DESCRIPT>Type d&apos;un objet géré</DESCRIPT>
    </SEOCOMPOTX>
    <SEOCOMPOTX>
     <CLSNAME>ZCB_TRANSPORT_REQUEST_WORKFLOW</CLSNAME>
     <CMPNAME>TYP_OBJECT_REF_TAB</CMPNAME>
     <LANGU>F</LANGU>
     <DESCRIPT>Type de table référence objet</DESCRIPT>
    </SEOCOMPOTX>
    <SEOCOMPOTX>
     <CLSNAME>ZCB_TRANSPORT_REQUEST_WORKFLOW</CLSNAME>
     <CMPNAME>TYP_OID</CMPNAME>
     <LANGU>F</LANGU>
     <DESCRIPT>Type de référence objet générique</DESCRIPT>
    </SEOCOMPOTX>
    <SEOCOMPOTX>
     <CLSNAME>ZCB_TRANSPORT_REQUEST_WORKFLOW</CLSNAME>
     <CMPNAME>TYP_OID_TAB</CMPNAME>
     <LANGU>F</LANGU>
     <DESCRIPT>Type de table référence objet</DESCRIPT>
    </SEOCOMPOTX>
    <SEOCOMPOTX>
     <CLSNAME>ZCB_TRANSPORT_REQUEST_WORKFLOW</CLSNAME>
     <CMPNAME>TYP_SPECIAL_BKEY_TAB</CMPNAME>
     <LANGU>F</LANGU>
     <DESCRIPT>Type de table table de recherche clés de gestion</DESCRIPT>
    </SEOCOMPOTX>
    <SEOCOMPOTX>
     <CLSNAME>ZCB_TRANSPORT_REQUEST_WORKFLOW</CLSNAME>
     <CMPNAME>TYP_SPECIAL_OBJECT_INFO</CMPNAME>
     <LANGU>F</LANGU>
     <DESCRIPT>Type de ligne données d&apos;objet spécifiques à classe</DESCRIPT>
    </SEOCOMPOTX>
    <SEOCOMPOTX>
     <CLSNAME>ZCB_TRANSPORT_REQUEST_WORKFLOW</CLSNAME>
     <CMPNAME>TYP_SPECIAL_OBJECT_INFO_TAB</CMPNAME>
     <LANGU>F</LANGU>
     <DESCRIPT>Type de table données d&apos;objet spécifiques aux classes</DESCRIPT>
    </SEOCOMPOTX>
    <SEOCOMPOTX>
     <CLSNAME>ZCB_TRANSPORT_REQUEST_WORKFLOW</CLSNAME>
     <CMPNAME>TYP_TYPE</CMPNAME>
     <LANGU>F</LANGU>
     <DESCRIPT>Type de référence objet</DESCRIPT>
    </SEOCOMPOTX>
   </DESCRIPTIONS>
  </asx:values>
 </asx:abap>
</abapGit>
