﻿<?xml version="1.0" encoding="utf-8"?>
<abapGit version="v1.0.0" serializer="LCL_OBJECT_CLAS" serializer_version="v1.0.0">
 <asx:abap xmlns:asx="http://www.sap.com/abapxml" version="1.0">
  <asx:values>
   <VSEOCLASS>
    <CLSNAME>ZCL_TRANSPORT_REQUEST_CELIO</CLSNAME>
    <VERSION>1</VERSION>
    <LANGU>F</LANGU>
    <DESCRIPT>Celio - Transport - OT</DESCRIPT>
    <EXPOSURE>2</EXPOSURE>
    <STATE>1</STATE>
    <CLSFINAL>X</CLSFINAL>
    <CLSCCINCL>X</CLSCCINCL>
    <FIXPT>X</FIXPT>
    <UNICODE>X</UNICODE>
   </VSEOCLASS>
   <TPOOL/>
   <DESCRIPTIONS>
    <SEOCOMPOTX>
     <CLSNAME>ZCL_TRANSPORT_REQUEST_CELIO</CLSNAME>
     <CMPNAME>MC_ATTRIBUTE_DEPENDENCIES</CMPNAME>
     <LANGU>F</LANGU>
     <DESCRIPT>Attribut d&apos;un ordre</DESCRIPT>
    </SEOCOMPOTX>
    <SEOCOMPOTX>
     <CLSNAME>ZCL_TRANSPORT_REQUEST_CELIO</CLSNAME>
     <CMPNAME>REQUEST_CREATE</CMPNAME>
     <LANGU>F</LANGU>
     <DESCRIPT>Demande de Transport - Création</DESCRIPT>
    </SEOCOMPOTX>
    <SEOCOMPOTX>
     <CLSNAME>ZCL_TRANSPORT_REQUEST_CELIO</CLSNAME>
     <CMPNAME>TRANSPORT_ROAD_GET</CMPNAME>
     <LANGU>F</LANGU>
     <DESCRIPT>Route de Transport - Récupération</DESCRIPT>
    </SEOCOMPOTX>
    <SEOCOMPOTX>
     <CLSNAME>ZCL_TRANSPORT_REQUEST_CELIO</CLSNAME>
     <CMPNAME>_REQUEST_CREATE</CMPNAME>
     <LANGU>F</LANGU>
     <DESCRIPT>Usage Interne : Demande de Transport - Création</DESCRIPT>
    </SEOCOMPOTX>
    <SEOCOMPOTX>
     <CLSNAME>ZCL_TRANSPORT_REQUEST_CELIO</CLSNAME>
     <CMPNAME>_REQUEST_CREATE_USING_BATCH</CMPNAME>
     <LANGU>F</LANGU>
     <DESCRIPT>Usage Interne : Demande de Transport - Création Batch Input</DESCRIPT>
    </SEOCOMPOTX>
   </DESCRIPTIONS>
  </asx:values>
 </asx:abap>
</abapGit>
