﻿<?xml version="1.0" encoding="utf-8"?>
<abapGit version="v1.0.0" serializer="LCL_OBJECT_CLAS" serializer_version="v1.0.0">
 <asx:abap xmlns:asx="http://www.sap.com/abapxml" version="1.0">
  <asx:values>
   <VSEOCLASS>
    <CLSNAME>ZCL_TRANSPORT_REQUEST</CLSNAME>
    <VERSION>1</VERSION>
    <LANGU>F</LANGU>
    <DESCRIPT>OT - Classe utilitaire</DESCRIPT>
    <EXPOSURE>2</EXPOSURE>
    <STATE>1</STATE>
    <CLSFINAL>X</CLSFINAL>
    <CLSCCINCL>X</CLSCCINCL>
    <FIXPT>X</FIXPT>
    <UNICODE>X</UNICODE>
   </VSEOCLASS>
   <TPOOL/>
   <DESCRIPTIONS>
    <SEOCOMPOTX>
     <CLSNAME>ZCL_TRANSPORT_REQUEST</CLSNAME>
     <CMPNAME>CLASS_CONSTRUCTOR</CMPNAME>
     <LANGU>F</LANGU>
     <DESCRIPT>CLASS_CONSTRUCTOR</DESCRIPT>
    </SEOCOMPOTX>
    <SEOCOMPOTX>
     <CLSNAME>ZCL_TRANSPORT_REQUEST</CLSNAME>
     <CMPNAME>OBJECT_EDITION_CHECK</CMPNAME>
     <LANGU>F</LANGU>
     <DESCRIPT>Objet - Contrôle modification</DESCRIPT>
    </SEOCOMPOTX>
    <SEOCOMPOTX>
     <CLSNAME>ZCL_TRANSPORT_REQUEST</CLSNAME>
     <CMPNAME>TRANSPORT_REQUEST_CHECK_IMPORT</CMPNAME>
     <LANGU>F</LANGU>
     <DESCRIPT>Ordre de Transport - Contrôle Import</DESCRIPT>
    </SEOCOMPOTX>
    <SEOCOMPOTX>
     <CLSNAME>ZCL_TRANSPORT_REQUEST</CLSNAME>
     <CMPNAME>TRANSPORT_REQUEST_COFILE_GET</CMPNAME>
     <LANGU>F</LANGU>
     <DESCRIPT>Ordre de Transport - Récupération COFILE</DESCRIPT>
    </SEOCOMPOTX>
    <SEOCOMPOTX>
     <CLSNAME>ZCL_TRANSPORT_REQUEST</CLSNAME>
     <CMPNAME>TRANSPORT_REQUEST_IS_RELEASED</CMPNAME>
     <LANGU>F</LANGU>
     <DESCRIPT>Ordre de Transport - Libéré ?</DESCRIPT>
    </SEOCOMPOTX>
    <SEOCOMPOTX>
     <CLSNAME>ZCL_TRANSPORT_REQUEST</CLSNAME>
     <CMPNAME>TRANSPORT_REQUEST_RELEASE</CMPNAME>
     <LANGU>F</LANGU>
     <DESCRIPT>Ordre de Transport - Libération</DESCRIPT>
    </SEOCOMPOTX>
   </DESCRIPTIONS>
  </asx:values>
 </asx:abap>
</abapGit>
