﻿<?xml version="1.0" encoding="utf-8"?>
<abapGit version="v1.0.0" serializer="LCL_OBJECT_CLAS" serializer_version="v1.0.0">
 <asx:abap xmlns:asx="http://www.sap.com/abapxml" version="1.0">
  <asx:values>
   <VSEOCLASS>
    <CLSNAME>ZCL_TRANSPORT_REQUEST_WORKFLOW</CLSNAME>
    <VERSION>1</VERSION>
    <LANGU>F</LANGU>
    <DESCRIPT>Transport - Workflow</DESCRIPT>
    <CATEGORY>10</CATEGORY>
    <EXPOSURE>1</EXPOSURE>
    <STATE>1</STATE>
    <CLSFINAL>X</CLSFINAL>
    <CLSCCINCL>X</CLSCCINCL>
    <FIXPT>X</FIXPT>
    <UNICODE>X</UNICODE>
   </VSEOCLASS>
   <TPOOL/>
   <DESCRIPTIONS>
    <SEOCOMPOTX>
     <CLSNAME>ZCL_TRANSPORT_REQUEST_WORKFLOW</CLSNAME>
     <CMPNAME>CONSTRUCTOR</CMPNAME>
     <LANGU>F</LANGU>
     <DESCRIPT>CONSTRUCTOR</DESCRIPT>
    </SEOCOMPOTX>
    <SEOCOMPOTX>
     <CLSNAME>ZCL_TRANSPORT_REQUEST_WORKFLOW</CLSNAME>
     <CMPNAME>DATA_RETURN</CMPNAME>
     <LANGU>F</LANGU>
     <DESCRIPT>Retourne données</DESCRIPT>
    </SEOCOMPOTX>
    <SEOCOMPOTX>
     <CLSNAME>ZCL_TRANSPORT_REQUEST_WORKFLOW</CLSNAME>
     <CMPNAME>GET_ZEDCOMMENT</CMPNAME>
     <LANGU>F</LANGU>
     <DESCRIPT>Lit l&apos;attribut ZEDCOMMENT</DESCRIPT>
    </SEOCOMPOTX>
    <SEOCOMPOTX>
     <CLSNAME>ZCL_TRANSPORT_REQUEST_WORKFLOW</CLSNAME>
     <CMPNAME>GET_ZEDELIGIBLE</CMPNAME>
     <LANGU>F</LANGU>
     <DESCRIPT>Lit l&apos;attribut ZEDELIGIBLE</DESCRIPT>
    </SEOCOMPOTX>
    <SEOCOMPOTX>
     <CLSNAME>ZCL_TRANSPORT_REQUEST_WORKFLOW</CLSNAME>
     <CMPNAME>GET_ZEDFUNAREA</CMPNAME>
     <LANGU>F</LANGU>
     <DESCRIPT>Lit l&apos;attribut ZEDFUNAREA</DESCRIPT>
    </SEOCOMPOTX>
    <SEOCOMPOTX>
     <CLSNAME>ZCL_TRANSPORT_REQUEST_WORKFLOW</CLSNAME>
     <CMPNAME>GET_ZEDIMPORT</CMPNAME>
     <LANGU>F</LANGU>
     <DESCRIPT>Lit l&apos;attribut ZEDIMPORT</DESCRIPT>
    </SEOCOMPOTX>
    <SEOCOMPOTX>
     <CLSNAME>ZCL_TRANSPORT_REQUEST_WORKFLOW</CLSNAME>
     <CMPNAME>GET_ZEDLANGU</CMPNAME>
     <LANGU>F</LANGU>
     <DESCRIPT>Lit l&apos;attribut ZEDLANGU</DESCRIPT>
    </SEOCOMPOTX>
    <SEOCOMPOTX>
     <CLSNAME>ZCL_TRANSPORT_REQUEST_WORKFLOW</CLSNAME>
     <CMPNAME>GET_ZEDMODDATE</CMPNAME>
     <LANGU>F</LANGU>
     <DESCRIPT>Lit l&apos;attribut ZEDMODDATE</DESCRIPT>
    </SEOCOMPOTX>
    <SEOCOMPOTX>
     <CLSNAME>ZCL_TRANSPORT_REQUEST_WORKFLOW</CLSNAME>
     <CMPNAME>GET_ZEDMODTIME</CMPNAME>
     <LANGU>F</LANGU>
     <DESCRIPT>Lit l&apos;attribut ZEDMODTIME</DESCRIPT>
    </SEOCOMPOTX>
    <SEOCOMPOTX>
     <CLSNAME>ZCL_TRANSPORT_REQUEST_WORKFLOW</CLSNAME>
     <CMPNAME>GET_ZEDMODUSER</CMPNAME>
     <LANGU>F</LANGU>
     <DESCRIPT>Lit l&apos;attribut ZEDMODUSER</DESCRIPT>
    </SEOCOMPOTX>
    <SEOCOMPOTX>
     <CLSNAME>ZCL_TRANSPORT_REQUEST_WORKFLOW</CLSNAME>
     <CMPNAME>GET_ZEDQTRPCOD</CMPNAME>
     <LANGU>F</LANGU>
     <DESCRIPT>Lit l&apos;attribut ZEDQTRPCOD</DESCRIPT>
    </SEOCOMPOTX>
    <SEOCOMPOTX>
     <CLSNAME>ZCL_TRANSPORT_REQUEST_WORKFLOW</CLSNAME>
     <CMPNAME>GET_ZEDQUERY</CMPNAME>
     <LANGU>F</LANGU>
     <DESCRIPT>Lit l&apos;attribut ZEDQUERY</DESCRIPT>
    </SEOCOMPOTX>
    <SEOCOMPOTX>
     <CLSNAME>ZCL_TRANSPORT_REQUEST_WORKFLOW</CLSNAME>
     <CMPNAME>GET_ZEDREPROC</CMPNAME>
     <LANGU>F</LANGU>
     <DESCRIPT>Lit l&apos;attribut ZEDREPROC</DESCRIPT>
    </SEOCOMPOTX>
    <SEOCOMPOTX>
     <CLSNAME>ZCL_TRANSPORT_REQUEST_WORKFLOW</CLSNAME>
     <CMPNAME>GET_ZEDREQDATE</CMPNAME>
     <LANGU>F</LANGU>
     <DESCRIPT>Lit l&apos;attribut ZEDREQDATE</DESCRIPT>
    </SEOCOMPOTX>
    <SEOCOMPOTX>
     <CLSNAME>ZCL_TRANSPORT_REQUEST_WORKFLOW</CLSNAME>
     <CMPNAME>GET_ZEDREQNB</CMPNAME>
     <LANGU>F</LANGU>
     <DESCRIPT>Lit l&apos;attribut ZEDREQNB</DESCRIPT>
    </SEOCOMPOTX>
    <SEOCOMPOTX>
     <CLSNAME>ZCL_TRANSPORT_REQUEST_WORKFLOW</CLSNAME>
     <CMPNAME>GET_ZEDREQTIME</CMPNAME>
     <LANGU>F</LANGU>
     <DESCRIPT>Lit l&apos;attribut ZEDREQTIME</DESCRIPT>
    </SEOCOMPOTX>
    <SEOCOMPOTX>
     <CLSNAME>ZCL_TRANSPORT_REQUEST_WORKFLOW</CLSNAME>
     <CMPNAME>GET_ZEDREQUSER</CMPNAME>
     <LANGU>F</LANGU>
     <DESCRIPT>Lit l&apos;attribut ZEDREQUSER</DESCRIPT>
    </SEOCOMPOTX>
    <SEOCOMPOTX>
     <CLSNAME>ZCL_TRANSPORT_REQUEST_WORKFLOW</CLSNAME>
     <CMPNAME>GET_ZEDSOURMDT</CMPNAME>
     <LANGU>F</LANGU>
     <DESCRIPT>Lit l&apos;attribut ZEDSOURMDT</DESCRIPT>
    </SEOCOMPOTX>
    <SEOCOMPOTX>
     <CLSNAME>ZCL_TRANSPORT_REQUEST_WORKFLOW</CLSNAME>
     <CMPNAME>GET_ZEDSOURSYS</CMPNAME>
     <LANGU>F</LANGU>
     <DESCRIPT>Lit l&apos;attribut ZEDSOURSYS</DESCRIPT>
    </SEOCOMPOTX>
    <SEOCOMPOTX>
     <CLSNAME>ZCL_TRANSPORT_REQUEST_WORKFLOW</CLSNAME>
     <CMPNAME>GET_ZEDTARGSYS</CMPNAME>
     <LANGU>F</LANGU>
     <DESCRIPT>Lit l&apos;attribut ZEDTARGSYS</DESCRIPT>
    </SEOCOMPOTX>
    <SEOCOMPOTX>
     <CLSNAME>ZCL_TRANSPORT_REQUEST_WORKFLOW</CLSNAME>
     <CMPNAME>GET_ZEDTRPCODE</CMPNAME>
     <LANGU>F</LANGU>
     <DESCRIPT>Lit l&apos;attribut ZEDTRPCODE</DESCRIPT>
    </SEOCOMPOTX>
    <SEOCOMPOTX>
     <CLSNAME>ZCL_TRANSPORT_REQUEST_WORKFLOW</CLSNAME>
     <CMPNAME>GET_ZEDTRPDATE</CMPNAME>
     <LANGU>F</LANGU>
     <DESCRIPT>Lit l&apos;attribut ZEDTRPDATE</DESCRIPT>
    </SEOCOMPOTX>
    <SEOCOMPOTX>
     <CLSNAME>ZCL_TRANSPORT_REQUEST_WORKFLOW</CLSNAME>
     <CMPNAME>GET_ZEDTRPTIME</CMPNAME>
     <LANGU>F</LANGU>
     <DESCRIPT>Lit l&apos;attribut ZEDTRPTIME</DESCRIPT>
    </SEOCOMPOTX>
    <SEOCOMPOTX>
     <CLSNAME>ZCL_TRANSPORT_REQUEST_WORKFLOW</CLSNAME>
     <CMPNAME>GET_ZEDTRPTYPE</CMPNAME>
     <LANGU>F</LANGU>
     <DESCRIPT>Lit l&apos;attribut ZEDTRPTYPE</DESCRIPT>
    </SEOCOMPOTX>
    <SEOCOMPOTX>
     <CLSNAME>ZCL_TRANSPORT_REQUEST_WORKFLOW</CLSNAME>
     <CMPNAME>GET_ZEDTRTDATE</CMPNAME>
     <LANGU>F</LANGU>
     <DESCRIPT>Lit l&apos;attribut ZEDTRTDATE</DESCRIPT>
    </SEOCOMPOTX>
    <SEOCOMPOTX>
     <CLSNAME>ZCL_TRANSPORT_REQUEST_WORKFLOW</CLSNAME>
     <CMPNAME>GET_ZEDTRTTIME</CMPNAME>
     <LANGU>F</LANGU>
     <DESCRIPT>Lit l&apos;attribut ZEDTRTTIME</DESCRIPT>
    </SEOCOMPOTX>
    <SEOCOMPOTX>
     <CLSNAME>ZCL_TRANSPORT_REQUEST_WORKFLOW</CLSNAME>
     <CMPNAME>GET_ZEDUGROUP</CMPNAME>
     <LANGU>F</LANGU>
     <DESCRIPT>Lit l&apos;attribut ZEDUGROUP</DESCRIPT>
    </SEOCOMPOTX>
    <SEOCOMPOTX>
     <CLSNAME>ZCL_TRANSPORT_REQUEST_WORKFLOW</CLSNAME>
     <CMPNAME>GET_ZEDVALCODE</CMPNAME>
     <LANGU>F</LANGU>
     <DESCRIPT>Lit l&apos;attribut ZEDVALCODE</DESCRIPT>
    </SEOCOMPOTX>
    <SEOCOMPOTX>
     <CLSNAME>ZCL_TRANSPORT_REQUEST_WORKFLOW</CLSNAME>
     <CMPNAME>GET_ZEDVALDATE</CMPNAME>
     <LANGU>F</LANGU>
     <DESCRIPT>Lit l&apos;attribut ZEDVALDATE</DESCRIPT>
    </SEOCOMPOTX>
    <SEOCOMPOTX>
     <CLSNAME>ZCL_TRANSPORT_REQUEST_WORKFLOW</CLSNAME>
     <CMPNAME>GET_ZEDVALFT2</CMPNAME>
     <LANGU>F</LANGU>
     <DESCRIPT>Lit l&apos;attribut ZEDVALFT2</DESCRIPT>
    </SEOCOMPOTX>
    <SEOCOMPOTX>
     <CLSNAME>ZCL_TRANSPORT_REQUEST_WORKFLOW</CLSNAME>
     <CMPNAME>GET_ZEDVALFT2DATE</CMPNAME>
     <LANGU>F</LANGU>
     <DESCRIPT>Lit l&apos;attribut ZEDVALFT2DATE</DESCRIPT>
    </SEOCOMPOTX>
    <SEOCOMPOTX>
     <CLSNAME>ZCL_TRANSPORT_REQUEST_WORKFLOW</CLSNAME>
     <CMPNAME>GET_ZEDVALTIME</CMPNAME>
     <LANGU>F</LANGU>
     <DESCRIPT>Lit l&apos;attribut ZEDVALTIME</DESCRIPT>
    </SEOCOMPOTX>
    <SEOCOMPOTX>
     <CLSNAME>ZCL_TRANSPORT_REQUEST_WORKFLOW</CLSNAME>
     <CMPNAME>GET_ZEDVALUSER</CMPNAME>
     <LANGU>F</LANGU>
     <DESCRIPT>Lit l&apos;attribut ZEDVALUSER</DESCRIPT>
    </SEOCOMPOTX>
    <SEOCOMPOTX>
     <CLSNAME>ZCL_TRANSPORT_REQUEST_WORKFLOW</CLSNAME>
     <CMPNAME>MAIL_NOTIFICATION</CMPNAME>
     <LANGU>F</LANGU>
     <DESCRIPT>Mail - Notification</DESCRIPT>
    </SEOCOMPOTX>
    <SEOCOMPOTX>
     <CLSNAME>ZCL_TRANSPORT_REQUEST_WORKFLOW</CLSNAME>
     <CMPNAME>SET_ZEDCOMMENT</CMPNAME>
     <LANGU>F</LANGU>
     <DESCRIPT>Active l&apos;attribut ZEDCOMMENT</DESCRIPT>
    </SEOCOMPOTX>
    <SEOCOMPOTX>
     <CLSNAME>ZCL_TRANSPORT_REQUEST_WORKFLOW</CLSNAME>
     <CMPNAME>SET_ZEDELIGIBLE</CMPNAME>
     <LANGU>F</LANGU>
     <DESCRIPT>Active l&apos;attribut ZEDELIGIBLE</DESCRIPT>
    </SEOCOMPOTX>
    <SEOCOMPOTX>
     <CLSNAME>ZCL_TRANSPORT_REQUEST_WORKFLOW</CLSNAME>
     <CMPNAME>SET_ZEDFUNAREA</CMPNAME>
     <LANGU>F</LANGU>
     <DESCRIPT>Active l&apos;attribut ZEDFUNAREA</DESCRIPT>
    </SEOCOMPOTX>
    <SEOCOMPOTX>
     <CLSNAME>ZCL_TRANSPORT_REQUEST_WORKFLOW</CLSNAME>
     <CMPNAME>SET_ZEDIMPORT</CMPNAME>
     <LANGU>F</LANGU>
     <DESCRIPT>Active l&apos;attribut ZEDIMPORT</DESCRIPT>
    </SEOCOMPOTX>
    <SEOCOMPOTX>
     <CLSNAME>ZCL_TRANSPORT_REQUEST_WORKFLOW</CLSNAME>
     <CMPNAME>SET_ZEDLANGU</CMPNAME>
     <LANGU>F</LANGU>
     <DESCRIPT>Active l&apos;attribut ZEDLANGU</DESCRIPT>
    </SEOCOMPOTX>
    <SEOCOMPOTX>
     <CLSNAME>ZCL_TRANSPORT_REQUEST_WORKFLOW</CLSNAME>
     <CMPNAME>SET_ZEDMODDATE</CMPNAME>
     <LANGU>F</LANGU>
     <DESCRIPT>Active l&apos;attribut ZEDMODDATE</DESCRIPT>
    </SEOCOMPOTX>
    <SEOCOMPOTX>
     <CLSNAME>ZCL_TRANSPORT_REQUEST_WORKFLOW</CLSNAME>
     <CMPNAME>SET_ZEDMODTIME</CMPNAME>
     <LANGU>F</LANGU>
     <DESCRIPT>Active l&apos;attribut ZEDMODTIME</DESCRIPT>
    </SEOCOMPOTX>
    <SEOCOMPOTX>
     <CLSNAME>ZCL_TRANSPORT_REQUEST_WORKFLOW</CLSNAME>
     <CMPNAME>SET_ZEDMODUSER</CMPNAME>
     <LANGU>F</LANGU>
     <DESCRIPT>Active l&apos;attribut ZEDMODUSER</DESCRIPT>
    </SEOCOMPOTX>
    <SEOCOMPOTX>
     <CLSNAME>ZCL_TRANSPORT_REQUEST_WORKFLOW</CLSNAME>
     <CMPNAME>SET_ZEDQTRPCOD</CMPNAME>
     <LANGU>F</LANGU>
     <DESCRIPT>Active l&apos;attribut ZEDQTRPCOD</DESCRIPT>
    </SEOCOMPOTX>
    <SEOCOMPOTX>
     <CLSNAME>ZCL_TRANSPORT_REQUEST_WORKFLOW</CLSNAME>
     <CMPNAME>SET_ZEDQUERY</CMPNAME>
     <LANGU>F</LANGU>
     <DESCRIPT>Active l&apos;attribut ZEDQUERY</DESCRIPT>
    </SEOCOMPOTX>
    <SEOCOMPOTX>
     <CLSNAME>ZCL_TRANSPORT_REQUEST_WORKFLOW</CLSNAME>
     <CMPNAME>SET_ZEDREPROC</CMPNAME>
     <LANGU>F</LANGU>
     <DESCRIPT>Active l&apos;attribut ZEDREPROC</DESCRIPT>
    </SEOCOMPOTX>
    <SEOCOMPOTX>
     <CLSNAME>ZCL_TRANSPORT_REQUEST_WORKFLOW</CLSNAME>
     <CMPNAME>SET_ZEDREQDATE</CMPNAME>
     <LANGU>F</LANGU>
     <DESCRIPT>Active l&apos;attribut ZEDREQDATE</DESCRIPT>
    </SEOCOMPOTX>
    <SEOCOMPOTX>
     <CLSNAME>ZCL_TRANSPORT_REQUEST_WORKFLOW</CLSNAME>
     <CMPNAME>SET_ZEDREQTIME</CMPNAME>
     <LANGU>F</LANGU>
     <DESCRIPT>Active l&apos;attribut ZEDREQTIME</DESCRIPT>
    </SEOCOMPOTX>
    <SEOCOMPOTX>
     <CLSNAME>ZCL_TRANSPORT_REQUEST_WORKFLOW</CLSNAME>
     <CMPNAME>SET_ZEDREQUSER</CMPNAME>
     <LANGU>F</LANGU>
     <DESCRIPT>Active l&apos;attribut ZEDREQUSER</DESCRIPT>
    </SEOCOMPOTX>
    <SEOCOMPOTX>
     <CLSNAME>ZCL_TRANSPORT_REQUEST_WORKFLOW</CLSNAME>
     <CMPNAME>SET_ZEDSOURMDT</CMPNAME>
     <LANGU>F</LANGU>
     <DESCRIPT>Active l&apos;attribut ZEDSOURMDT</DESCRIPT>
    </SEOCOMPOTX>
    <SEOCOMPOTX>
     <CLSNAME>ZCL_TRANSPORT_REQUEST_WORKFLOW</CLSNAME>
     <CMPNAME>SET_ZEDSOURSYS</CMPNAME>
     <LANGU>F</LANGU>
     <DESCRIPT>Active l&apos;attribut ZEDSOURSYS</DESCRIPT>
    </SEOCOMPOTX>
    <SEOCOMPOTX>
     <CLSNAME>ZCL_TRANSPORT_REQUEST_WORKFLOW</CLSNAME>
     <CMPNAME>SET_ZEDTARGSYS</CMPNAME>
     <LANGU>F</LANGU>
     <DESCRIPT>Active l&apos;attribut ZEDTARGSYS</DESCRIPT>
    </SEOCOMPOTX>
    <SEOCOMPOTX>
     <CLSNAME>ZCL_TRANSPORT_REQUEST_WORKFLOW</CLSNAME>
     <CMPNAME>SET_ZEDTRPCODE</CMPNAME>
     <LANGU>F</LANGU>
     <DESCRIPT>Active l&apos;attribut ZEDTRPCODE</DESCRIPT>
    </SEOCOMPOTX>
    <SEOCOMPOTX>
     <CLSNAME>ZCL_TRANSPORT_REQUEST_WORKFLOW</CLSNAME>
     <CMPNAME>SET_ZEDTRPDATE</CMPNAME>
     <LANGU>F</LANGU>
     <DESCRIPT>Active l&apos;attribut ZEDTRPDATE</DESCRIPT>
    </SEOCOMPOTX>
    <SEOCOMPOTX>
     <CLSNAME>ZCL_TRANSPORT_REQUEST_WORKFLOW</CLSNAME>
     <CMPNAME>SET_ZEDTRPTIME</CMPNAME>
     <LANGU>F</LANGU>
     <DESCRIPT>Active l&apos;attribut ZEDTRPTIME</DESCRIPT>
    </SEOCOMPOTX>
    <SEOCOMPOTX>
     <CLSNAME>ZCL_TRANSPORT_REQUEST_WORKFLOW</CLSNAME>
     <CMPNAME>SET_ZEDTRPTYPE</CMPNAME>
     <LANGU>F</LANGU>
     <DESCRIPT>Active l&apos;attribut ZEDTRPTYPE</DESCRIPT>
    </SEOCOMPOTX>
    <SEOCOMPOTX>
     <CLSNAME>ZCL_TRANSPORT_REQUEST_WORKFLOW</CLSNAME>
     <CMPNAME>SET_ZEDTRTDATE</CMPNAME>
     <LANGU>F</LANGU>
     <DESCRIPT>Active l&apos;attribut ZEDTRTDATE</DESCRIPT>
    </SEOCOMPOTX>
    <SEOCOMPOTX>
     <CLSNAME>ZCL_TRANSPORT_REQUEST_WORKFLOW</CLSNAME>
     <CMPNAME>SET_ZEDTRTTIME</CMPNAME>
     <LANGU>F</LANGU>
     <DESCRIPT>Active l&apos;attribut ZEDTRTTIME</DESCRIPT>
    </SEOCOMPOTX>
    <SEOCOMPOTX>
     <CLSNAME>ZCL_TRANSPORT_REQUEST_WORKFLOW</CLSNAME>
     <CMPNAME>SET_ZEDUGROUP</CMPNAME>
     <LANGU>F</LANGU>
     <DESCRIPT>Active l&apos;attribut ZEDUGROUP</DESCRIPT>
    </SEOCOMPOTX>
    <SEOCOMPOTX>
     <CLSNAME>ZCL_TRANSPORT_REQUEST_WORKFLOW</CLSNAME>
     <CMPNAME>SET_ZEDVALCODE</CMPNAME>
     <LANGU>F</LANGU>
     <DESCRIPT>Active l&apos;attribut ZEDVALCODE</DESCRIPT>
    </SEOCOMPOTX>
    <SEOCOMPOTX>
     <CLSNAME>ZCL_TRANSPORT_REQUEST_WORKFLOW</CLSNAME>
     <CMPNAME>SET_ZEDVALDATE</CMPNAME>
     <LANGU>F</LANGU>
     <DESCRIPT>Active l&apos;attribut ZEDVALDATE</DESCRIPT>
    </SEOCOMPOTX>
    <SEOCOMPOTX>
     <CLSNAME>ZCL_TRANSPORT_REQUEST_WORKFLOW</CLSNAME>
     <CMPNAME>SET_ZEDVALFT2</CMPNAME>
     <LANGU>F</LANGU>
     <DESCRIPT>Active l&apos;attribut ZEDVALFT2</DESCRIPT>
    </SEOCOMPOTX>
    <SEOCOMPOTX>
     <CLSNAME>ZCL_TRANSPORT_REQUEST_WORKFLOW</CLSNAME>
     <CMPNAME>SET_ZEDVALFT2DATE</CMPNAME>
     <LANGU>F</LANGU>
     <DESCRIPT>Active l&apos;attribut ZEDVALFT2DATE</DESCRIPT>
    </SEOCOMPOTX>
    <SEOCOMPOTX>
     <CLSNAME>ZCL_TRANSPORT_REQUEST_WORKFLOW</CLSNAME>
     <CMPNAME>SET_ZEDVALTIME</CMPNAME>
     <LANGU>F</LANGU>
     <DESCRIPT>Active l&apos;attribut ZEDVALTIME</DESCRIPT>
    </SEOCOMPOTX>
    <SEOCOMPOTX>
     <CLSNAME>ZCL_TRANSPORT_REQUEST_WORKFLOW</CLSNAME>
     <CMPNAME>SET_ZEDVALUSER</CMPNAME>
     <LANGU>F</LANGU>
     <DESCRIPT>Active l&apos;attribut ZEDVALUSER</DESCRIPT>
    </SEOCOMPOTX>
    <SEOCOMPOTX>
     <CLSNAME>ZCL_TRANSPORT_REQUEST_WORKFLOW</CLSNAME>
     <CMPNAME>WF_VALIDATION_EVENT_DONE</CMPNAME>
     <LANGU>F</LANGU>
     <DESCRIPT>Evénement - Validation - Effectuée</DESCRIPT>
    </SEOCOMPOTX>
    <SEOCOMPOTX>
     <CLSNAME>ZCL_TRANSPORT_REQUEST_WORKFLOW</CLSNAME>
     <CMPNAME>WF_VALIDATION_EVENT_DONE_FT2</CMPNAME>
     <LANGU>F</LANGU>
     <DESCRIPT>Evénement - Validation - Express - Effectuée</DESCRIPT>
    </SEOCOMPOTX>
    <SEOCOMPOTX>
     <CLSNAME>ZCL_TRANSPORT_REQUEST_WORKFLOW</CLSNAME>
     <CMPNAME>WF_VALIDATION_EVENT_RESEND</CMPNAME>
     <LANGU>F</LANGU>
     <DESCRIPT>Evénement - Validation - Renvoi</DESCRIPT>
    </SEOCOMPOTX>
    <SEOCOMPOTX>
     <CLSNAME>ZCL_TRANSPORT_REQUEST_WORKFLOW</CLSNAME>
     <CMPNAME>WF_VALIDATION_EVENT_START</CMPNAME>
     <LANGU>F</LANGU>
     <DESCRIPT>Evénement - Validation - Envoyée</DESCRIPT>
    </SEOCOMPOTX>
    <SEOCOMPOTX>
     <CLSNAME>ZCL_TRANSPORT_REQUEST_WORKFLOW</CLSNAME>
     <CMPNAME>WF_VALIDATION_EVENT_STOP</CMPNAME>
     <LANGU>F</LANGU>
     <DESCRIPT>Evénement - Validation - Arrêt</DESCRIPT>
    </SEOCOMPOTX>
    <SEOCOMPOTX>
     <CLSNAME>ZCL_TRANSPORT_REQUEST_WORKFLOW</CLSNAME>
     <CMPNAME>WORKFLOW_VALIDATION_DONE</CMPNAME>
     <LANGU>F</LANGU>
     <DESCRIPT>Workflow - Validation - Effectuée</DESCRIPT>
    </SEOCOMPOTX>
    <SEOCOMPOTX>
     <CLSNAME>ZCL_TRANSPORT_REQUEST_WORKFLOW</CLSNAME>
     <CMPNAME>WORKFLOW_VALIDATION_RESEND</CMPNAME>
     <LANGU>F</LANGU>
     <DESCRIPT>Workflow - Validation - Renvoi notification</DESCRIPT>
    </SEOCOMPOTX>
    <SEOCOMPOTX>
     <CLSNAME>ZCL_TRANSPORT_REQUEST_WORKFLOW</CLSNAME>
     <CMPNAME>WORKFLOW_VALIDATION_START</CMPNAME>
     <LANGU>F</LANGU>
     <DESCRIPT>Workflow - Validation - Lancement</DESCRIPT>
    </SEOCOMPOTX>
    <SEOCOMPOTX>
     <CLSNAME>ZCL_TRANSPORT_REQUEST_WORKFLOW</CLSNAME>
     <CMPNAME>WORKFLOW_VALIDATION_STOP</CMPNAME>
     <LANGU>F</LANGU>
     <DESCRIPT>Workflow - Validation - Fin</DESCRIPT>
    </SEOCOMPOTX>
    <SEOCOMPOTX>
     <CLSNAME>ZCL_TRANSPORT_REQUEST_WORKFLOW</CLSNAME>
     <CMPNAME>ZEDCOMMENT</CMPNAME>
     <LANGU>F</LANGU>
     <DESCRIPT>Commentaires</DESCRIPT>
    </SEOCOMPOTX>
    <SEOCOMPOTX>
     <CLSNAME>ZCL_TRANSPORT_REQUEST_WORKFLOW</CLSNAME>
     <CMPNAME>ZEDELIGIBLE</CMPNAME>
     <LANGU>F</LANGU>
     <DESCRIPT>Eligible</DESCRIPT>
    </SEOCOMPOTX>
    <SEOCOMPOTX>
     <CLSNAME>ZCL_TRANSPORT_REQUEST_WORKFLOW</CLSNAME>
     <CMPNAME>ZEDFUNAREA</CMPNAME>
     <LANGU>F</LANGU>
     <DESCRIPT>Query Domaine Fonctionnel</DESCRIPT>
    </SEOCOMPOTX>
    <SEOCOMPOTX>
     <CLSNAME>ZCL_TRANSPORT_REQUEST_WORKFLOW</CLSNAME>
     <CMPNAME>ZEDIMPORT</CMPNAME>
     <LANGU>F</LANGU>
     <DESCRIPT>Query Import Code</DESCRIPT>
    </SEOCOMPOTX>
    <SEOCOMPOTX>
     <CLSNAME>ZCL_TRANSPORT_REQUEST_WORKFLOW</CLSNAME>
     <CMPNAME>ZEDLANGU</CMPNAME>
     <LANGU>F</LANGU>
     <DESCRIPT>Langue de la demande</DESCRIPT>
    </SEOCOMPOTX>
    <SEOCOMPOTX>
     <CLSNAME>ZCL_TRANSPORT_REQUEST_WORKFLOW</CLSNAME>
     <CMPNAME>ZEDMODDATE</CMPNAME>
     <LANGU>F</LANGU>
     <DESCRIPT>Modifié le</DESCRIPT>
    </SEOCOMPOTX>
    <SEOCOMPOTX>
     <CLSNAME>ZCL_TRANSPORT_REQUEST_WORKFLOW</CLSNAME>
     <CMPNAME>ZEDMODTIME</CMPNAME>
     <LANGU>F</LANGU>
     <DESCRIPT>Modifié à</DESCRIPT>
    </SEOCOMPOTX>
    <SEOCOMPOTX>
     <CLSNAME>ZCL_TRANSPORT_REQUEST_WORKFLOW</CLSNAME>
     <CMPNAME>ZEDMODUSER</CMPNAME>
     <LANGU>F</LANGU>
     <DESCRIPT>Modifié par</DESCRIPT>
    </SEOCOMPOTX>
    <SEOCOMPOTX>
     <CLSNAME>ZCL_TRANSPORT_REQUEST_WORKFLOW</CLSNAME>
     <CMPNAME>ZEDQTRPCOD</CMPNAME>
     <LANGU>F</LANGU>
     <DESCRIPT>Query Code Transport</DESCRIPT>
    </SEOCOMPOTX>
    <SEOCOMPOTX>
     <CLSNAME>ZCL_TRANSPORT_REQUEST_WORKFLOW</CLSNAME>
     <CMPNAME>ZEDQUERY</CMPNAME>
     <LANGU>F</LANGU>
     <DESCRIPT>Nom Query</DESCRIPT>
    </SEOCOMPOTX>
    <SEOCOMPOTX>
     <CLSNAME>ZCL_TRANSPORT_REQUEST_WORKFLOW</CLSNAME>
     <CMPNAME>ZEDREPROC</CMPNAME>
     <LANGU>F</LANGU>
     <DESCRIPT>Demande Retransportée</DESCRIPT>
    </SEOCOMPOTX>
    <SEOCOMPOTX>
     <CLSNAME>ZCL_TRANSPORT_REQUEST_WORKFLOW</CLSNAME>
     <CMPNAME>ZEDREQDATE</CMPNAME>
     <LANGU>F</LANGU>
     <DESCRIPT>Date Demande</DESCRIPT>
    </SEOCOMPOTX>
    <SEOCOMPOTX>
     <CLSNAME>ZCL_TRANSPORT_REQUEST_WORKFLOW</CLSNAME>
     <CMPNAME>ZEDREQNB</CMPNAME>
     <LANGU>F</LANGU>
     <DESCRIPT>N° Demande</DESCRIPT>
    </SEOCOMPOTX>
    <SEOCOMPOTX>
     <CLSNAME>ZCL_TRANSPORT_REQUEST_WORKFLOW</CLSNAME>
     <CMPNAME>ZEDREQTIME</CMPNAME>
     <LANGU>F</LANGU>
     <DESCRIPT>Heure Demande</DESCRIPT>
    </SEOCOMPOTX>
    <SEOCOMPOTX>
     <CLSNAME>ZCL_TRANSPORT_REQUEST_WORKFLOW</CLSNAME>
     <CMPNAME>ZEDREQUSER</CMPNAME>
     <LANGU>F</LANGU>
     <DESCRIPT>Demandeur</DESCRIPT>
    </SEOCOMPOTX>
    <SEOCOMPOTX>
     <CLSNAME>ZCL_TRANSPORT_REQUEST_WORKFLOW</CLSNAME>
     <CMPNAME>ZEDSOURMDT</CMPNAME>
     <LANGU>F</LANGU>
     <DESCRIPT>Mandant Source</DESCRIPT>
    </SEOCOMPOTX>
    <SEOCOMPOTX>
     <CLSNAME>ZCL_TRANSPORT_REQUEST_WORKFLOW</CLSNAME>
     <CMPNAME>ZEDSOURSYS</CMPNAME>
     <LANGU>F</LANGU>
     <DESCRIPT>Système Source</DESCRIPT>
    </SEOCOMPOTX>
    <SEOCOMPOTX>
     <CLSNAME>ZCL_TRANSPORT_REQUEST_WORKFLOW</CLSNAME>
     <CMPNAME>ZEDTARGSYS</CMPNAME>
     <LANGU>F</LANGU>
     <DESCRIPT>Système Cible</DESCRIPT>
    </SEOCOMPOTX>
    <SEOCOMPOTX>
     <CLSNAME>ZCL_TRANSPORT_REQUEST_WORKFLOW</CLSNAME>
     <CMPNAME>ZEDTRPCODE</CMPNAME>
     <LANGU>F</LANGU>
     <DESCRIPT>Code Transport Spécial</DESCRIPT>
    </SEOCOMPOTX>
    <SEOCOMPOTX>
     <CLSNAME>ZCL_TRANSPORT_REQUEST_WORKFLOW</CLSNAME>
     <CMPNAME>ZEDTRPDATE</CMPNAME>
     <LANGU>F</LANGU>
     <DESCRIPT>Date Transport</DESCRIPT>
    </SEOCOMPOTX>
    <SEOCOMPOTX>
     <CLSNAME>ZCL_TRANSPORT_REQUEST_WORKFLOW</CLSNAME>
     <CMPNAME>ZEDTRPTIME</CMPNAME>
     <LANGU>F</LANGU>
     <DESCRIPT>Heure Transport</DESCRIPT>
    </SEOCOMPOTX>
    <SEOCOMPOTX>
     <CLSNAME>ZCL_TRANSPORT_REQUEST_WORKFLOW</CLSNAME>
     <CMPNAME>ZEDTRPTYPE</CMPNAME>
     <LANGU>F</LANGU>
     <DESCRIPT>Type de Transport</DESCRIPT>
    </SEOCOMPOTX>
    <SEOCOMPOTX>
     <CLSNAME>ZCL_TRANSPORT_REQUEST_WORKFLOW</CLSNAME>
     <CMPNAME>ZEDTRTDATE</CMPNAME>
     <LANGU>F</LANGU>
     <DESCRIPT>Traitée le</DESCRIPT>
    </SEOCOMPOTX>
    <SEOCOMPOTX>
     <CLSNAME>ZCL_TRANSPORT_REQUEST_WORKFLOW</CLSNAME>
     <CMPNAME>ZEDTRTTIME</CMPNAME>
     <LANGU>F</LANGU>
     <DESCRIPT>Traitée à</DESCRIPT>
    </SEOCOMPOTX>
    <SEOCOMPOTX>
     <CLSNAME>ZCL_TRANSPORT_REQUEST_WORKFLOW</CLSNAME>
     <CMPNAME>ZEDUGROUP</CMPNAME>
     <LANGU>F</LANGU>
     <DESCRIPT>Query Groupe</DESCRIPT>
    </SEOCOMPOTX>
    <SEOCOMPOTX>
     <CLSNAME>ZCL_TRANSPORT_REQUEST_WORKFLOW</CLSNAME>
     <CMPNAME>ZEDVALCODE</CMPNAME>
     <LANGU>F</LANGU>
     <DESCRIPT>&quot;A valider&quot;</DESCRIPT>
    </SEOCOMPOTX>
    <SEOCOMPOTX>
     <CLSNAME>ZCL_TRANSPORT_REQUEST_WORKFLOW</CLSNAME>
     <CMPNAME>ZEDVALDATE</CMPNAME>
     <LANGU>F</LANGU>
     <DESCRIPT>Valider le</DESCRIPT>
    </SEOCOMPOTX>
    <SEOCOMPOTX>
     <CLSNAME>ZCL_TRANSPORT_REQUEST_WORKFLOW</CLSNAME>
     <CMPNAME>ZEDVALFT2</CMPNAME>
     <LANGU>F</LANGU>
     <DESCRIPT>Process FT2 Validé</DESCRIPT>
    </SEOCOMPOTX>
    <SEOCOMPOTX>
     <CLSNAME>ZCL_TRANSPORT_REQUEST_WORKFLOW</CLSNAME>
     <CMPNAME>ZEDVALFT2DATE</CMPNAME>
     <LANGU>F</LANGU>
     <DESCRIPT>Valider le</DESCRIPT>
    </SEOCOMPOTX>
    <SEOCOMPOTX>
     <CLSNAME>ZCL_TRANSPORT_REQUEST_WORKFLOW</CLSNAME>
     <CMPNAME>ZEDVALTIME</CMPNAME>
     <LANGU>F</LANGU>
     <DESCRIPT>Valider à</DESCRIPT>
    </SEOCOMPOTX>
    <SEOCOMPOTX>
     <CLSNAME>ZCL_TRANSPORT_REQUEST_WORKFLOW</CLSNAME>
     <CMPNAME>ZEDVALUSER</CMPNAME>
     <LANGU>F</LANGU>
     <DESCRIPT>Valider par</DESCRIPT>
    </SEOCOMPOTX>
   </DESCRIPTIONS>
  </asx:values>
 </asx:abap>
</abapGit>
