﻿<?xml version="1.0" encoding="utf-8"?>
<abapGit version="v1.0.0" serializer="LCL_OBJECT_TABL" serializer_version="v1.0.0">
 <asx:abap xmlns:asx="http://www.sap.com/abapxml" version="1.0">
  <asx:values>
   <DD02V>
    <TABNAME>ZTEC_TRKORR_EXC</TABNAME>
    <DDLANGUAGE>F</DDLANGUAGE>
    <TABCLASS>TRANSP</TABCLASS>
    <DDTEXT>Transport - Liste OT à exclure</DDTEXT>
    <MAINFLAG>X</MAINFLAG>
    <CONTFLAG>L</CONTFLAG>
    <EXCLASS>1</EXCLASS>
   </DD02V>
   <DD09L>
    <TABNAME>ZTEC_TRKORR_EXC</TABNAME>
    <AS4LOCAL>A</AS4LOCAL>
    <TABKAT>0</TABKAT>
    <TABART>APPL1</TABART>
    <PUFFERUNG>X</PUFFERUNG>
    <BUFALLOW>X</BUFALLOW>
    <ROWORCOLST>C</ROWORCOLST>
   </DD09L>
   <DD03P_TABLE>
    <DD03P>
     <TABNAME>ZTEC_TRKORR_EXC</TABNAME>
     <FIELDNAME>TRKORR</FIELDNAME>
     <POSITION>0001</POSITION>
     <KEYFLAG>X</KEYFLAG>
     <ROLLNAME>TRKORR</ROLLNAME>
     <ADMINFIELD>0</ADMINFIELD>
     <NOTNULL>X</NOTNULL>
     <COMPTYPE>E</COMPTYPE>
    </DD03P>
   </DD03P_TABLE>
   <DD05M_TABLE/>
   <DD08V_TABLE/>
   <DD12V/>
   <DD17V/>
   <DD35V_TALE/>
   <DD36M/>
  </asx:values>
 </asx:abap>
</abapGit>
