﻿<?xml version="1.0" encoding="utf-8"?>
<abapGit version="v1.0.0" serializer="LCL_OBJECT_TRAN" serializer_version="v1.0.0">
 <asx:abap xmlns:asx="http://www.sap.com/abapxml" version="1.0">
  <asx:values>
   <TSTC>
    <TCODE>ZTRANSPORT</TCODE>
    <PGMNA>Z_BC_TRANSPORT_REQUEST_CREATE</PGMNA>
    <DYPNO>1000</DYPNO>
    <CINFO>gA==</CINFO>
   </TSTC>
   <TSTCC>
    <TCODE>ZTRANSPORT</TCODE>
    <S_WEBGUI>1</S_WEBGUI>
    <S_WIN32>X</S_WIN32>
    <S_PLATIN>X</S_PLATIN>
   </TSTCC>
   <TSTCT>
    <SPRSL>F</SPRSL>
    <TCODE>ZTRANSPORT</TCODE>
    <TTEXT>Transport</TTEXT>
   </TSTCT>
  </asx:values>
 </asx:abap>
</abapGit>
